group,run_id,sample_id,n_hotspot,binder_ptm,ipae_min,iptm,ddg,sap_score,contact_molecular_surface,binder_seq
baseline,run_423_424seed,il7ra_prot_binder_seed_423_bb_8_seq_4,43,0.8,1.01,0.9,-58.579,33.135,597.684,EEELLKEAEKAFEEVKKNPSDEKLREVSEEIAEKIYSKFETISEETKEKLLELQQEAIDVLASK
baseline,run_423_424seed,il7ra_prot_binder_seed_424_bb_14_seq_4,43,0.8,1.5,0.86,-54.118,20.796,482.268,GSEVAEKVQELVAKAADAVNEGKADEAEKYLKEIGELAKKNNMDLSEEEVKEEIEKAKKECEEN
baseline,run_423_424seed,il7ra_prot_binder_seed_424_bb_16_seq_7,43,0.8,1.01,0.91,-49.652,38.223,579.015,DETTQNIINALKKTAKITKLPEIEEYLKQLEACSKSPNSSDCIAELLDKLNKSKLAEIISKCGE
baseline,run_423_424seed,il7ra_prot_binder_seed_424_bb_74_seq_3,43,0.81,1.09,0.9,-48.375,34.7,464.303,SEIEKLEEEIQKLIEENRDKFTEEKIEKIKEAVAEVIDIYNEDKSKTPEALKKLIELIKELAKE
baseline,run_423_424seed,il7ra_prot_binder_seed_423_bb_78_seq_1,43,0.81,0.96,0.91,-45.962,35.902,467.527,SYPDDAMLAYLTDAARKAIAAKDAAALAAVRAELKSPRFRAGLSPAGLAKAEAALAALEAEAAK
baseline,run_423_424seed,il7ra_prot_binder_seed_424_bb_16_seq_6,43,0.8,1.04,0.91,-45.445,32.478,568.611,DETTKNIINALEKTAEITKDPEIKKYLEKLKECMKSPNSSECIAELLDELNKSSLSEIISKCGE
optimized_s2_21a,s2_21a_423_424_1,il7ra_prot_binder_seed_423_bb_37_seq_4,30,0.8,1.09,0.89,-51.794,33.485,567.401,GPTEETKEEALKNAKEELEKASSLLSKEELEKLEKLWKEAIASNKVEAYQAATAEFFDAKNKAL
optimized_s2_21a,s2_21a_423_424_1,il7ra_prot_binder_seed_424_bb_76_seq_6,30,0.8,1.15,0.89,-50.97,34.774,562.287,SELEKEINKIIEELFELESKLKKQKVPKEVIEEVKEHVLNESKDKKQTLENLKYNLEEQKEVLK
optimized_s2_21a,s2_21a_423_424_1,il7ra_prot_binder_seed_423_bb_53_seq_4,30,0.8,1.25,0.89,-48.759,31.335,505.085,SLSELEEKLRELVAEAGLKLDKEKAEELKKKLNELAEKADKANEEEKKKLLEEMMKLVEEALPP
optimized_s2_21a,s2_21a_423_424_1,il7ra_prot_binder_seed_423_bb_53_seq_3,30,0.82,1.11,0.91,-46.173,38.465,465.858,ELEKLIKELQELVAEAGEKLSKEEAEKVKEELNKLAEEADKANLKEKIKLLKEMKKLVESALPK
optimized_s2_21a,s2_21a_423_424_1,il7ra_prot_binder_seed_423_bb_33_seq_6,30,0.82,1.33,0.89,-45.07,24.146,495.851,SLEDKALEEMKKYAEAIKNGDQELAKKHKEKIDELAKKANKPEDEFYRELYKKLPEEYRKDLTG
optimized_s2_21a,s2_21a_423_424_1,il7ra_prot_binder_seed_424_bb_40_seq_6,30,0.81,1.23,0.89,-44.781,32.064,477.455,SVGEELQKIADEILELITNTDDPKAYEILKEAEEKIEKASREGKKEEALKIMKETLKKLKELLG
optimized_s2_21a,s2_21a_423_424_1,il7ra_prot_binder_seed_423_bb_24_seq_4,30,0.8,1.26,0.88,-44.65,27.632,402.007,SMEDEEEKEDAIKKLEEDLKNNELPEEVKEKILKMIEEIKKEKDYKEAKKLLKEAFDLICEAIS
optimized_s2_21a,s2_21a_423_424_1,il7ra_prot_binder_seed_424_bb_36_seq_6,30,0.8,1.02,0.89,-44.503,32.819,473.784,CIPCNEAFNEAREEVEKLLKAKDWEGAVKFIEEKIEKACGLPEDVRERLKKTAEIIKNDPESLL
